"","swimmer.number","wet.suit.velocity","swim.suit.velocity","velocity.diff"
"1",1,1.57,1.49,0.0800000000000001
"2",2,1.47,1.37,0.0999999999999999
"3",3,1.42,1.35,0.0699999999999998
"4",4,1.35,1.27,0.0800000000000001
"5",5,1.22,1.12,0.0999999999999999
"6",6,1.75,1.64,0.11
"7",7,1.64,1.59,0.0499999999999998
"8",8,1.57,1.52,0.05
"9",9,1.56,1.5,0.0600000000000001
"10",10,1.53,1.45,0.0800000000000001
"11",11,1.49,1.44,0.05
"12",12,1.51,1.41,0.1
